{"cameraMode":{"drawMode":0,"name":"Shaded","section":"Shading Mode"},"sceneLighting":false,"audioPlay":false,"sceneViewState":{"showFog":true,"showMaterialUpdate":false,"showSkybox":false,"showFlares":true,"showImageEffects":true,"showParticleSystems":true},"in2DMode":false,"pivot":{"x":0.0,"y":1.5982894897460938,"z":-0.21754565834999085},"rotation":{"x":-0.2076621651649475,"y":0.6803092956542969,"z":-0.2106771171092987,"w":-0.6705859899520874},"size":27.322956085205079,"orthographic":false}