{"cameraMode":{"drawMode":0,"name":"Shaded","section":"Shading Mode"},"sceneLighting":true,"audioPlay":false,"sceneViewState":{"showFog":true,"showMaterialUpdate":false,"showSkybox":true,"showFlares":true,"showImageEffects":true,"showParticleSystems":true},"in2DMode":false,"pivot":{"x":2.6734366416931154,"y":-0.7983158826828003,"z":15.002330780029297},"rotation":{"x":-0.0012678602943196893,"y":0.997913122177124,"z":-0.06175883859395981,"w":-0.020659426227211953},"size":4.126276016235352,"orthographic":false}